Date,Close,High,Low,Open,Volume
03-04-2023,3553.75,3580,3413.050049,3413.050049,429164
05-04-2023,3654.850098,3666.699951,3565.050049,3571.949951,481018
06-04-2023,3496.100098,3644.850098,3480.100098,3644.850098,886236
10-04-2023,3450.699951,3533.949951,3437.800049,3504,242779
11-04-2023,3454.199951,3499,3446,3465,193991
12-04-2023,3473.100098,3498,3458,3467,214203
13-04-2023,3501.050049,3518.949951,3470.050049,3480,159631
17-04-2023,3497.100098,3530,3446,3500,239351
18-04-2023,3506.800049,3565,3461,3501.949951,304634
19-04-2023,3476.199951,3528,3470,3506.75,157606
20-04-2023,3482.199951,3492,3455,3489.199951,137578
21-04-2023,3455.899902,3482.199951,3440,3482.100098,191220
24-04-2023,3467.199951,3474,3445,3469.800049,95563
25-04-2023,3465.850098,3479,3443.050049,3469.050049,179508
26-04-2023,3461.600098,3476.149902,3447,3465.850098,300045
27-04-2023,3500.800049,3509.949951,3449.199951,3460.100098,235408
28-04-2023,3511.949951,3522,3480,3500.800049,224156
02-05-2023,3545.899902,3552.75,3504.649902,3515,237127
03-05-2023,3554,3584.800049,3516.050049,3540,195083
04-05-2023,3584.5,3589,3533,3550,148562
05-05-2023,3598.199951,3605,3556.350098,3560.050049,183726
08-05-2023,3677.850098,3690,3610,3615.100098,313499
09-05-2023,3659.699951,3750,3640.199951,3721,385755
10-05-2023,3672.300049,3693.649902,3622.649902,3660,181718
11-05-2023,3704.649902,3730.100098,3665,3673.300049,178603
12-05-2023,3677.550049,3717,3641,3715,253518
15-05-2023,3523.399902,3589,3506.600098,3550,943990
16-05-2023,3479.25,3557.050049,3475,3535.399902,536281
17-05-2023,3400.199951,3498.5,3394,3491.699951,560388
18-05-2023,3368.550049,3451.100098,3352,3420.050049,289248
19-05-2023,3395.25,3434,3375.600098,3390,265437
22-05-2023,3425.100098,3438.75,3382.149902,3400,221481
23-05-2023,3432.949951,3445,3420.600098,3425.5,168585
24-05-2023,3429.550049,3439.899902,3406.199951,3432,148601
25-05-2023,3435.350098,3450.75,3429,3430,153240
26-05-2023,3501.75,3512,3442.100098,3448.899902,277113
29-05-2023,3503.300049,3545,3482.25,3540,228840
30-05-2023,3507.5,3530,3496.850098,3517.949951,294224
31-05-2023,3471.25,3522.350098,3437.350098,3519.899902,917960
01-06-2023,3500.899902,3527,3473,3480,189632
02-06-2023,3531.600098,3555,3506.100098,3510,396067
05-06-2023,3536.850098,3555,3521.699951,3550,182062
06-06-2023,3527.75,3565,3495.050049,3536,179039
07-06-2023,3544.050049,3550,3516.050049,3536,228651
08-06-2023,3546.800049,3572.699951,3535,3554.800049,185099
09-06-2023,3632.100098,3648,3568.550049,3586,661360
12-06-2023,3629.399902,3646.949951,3584.050049,3646.949951,247071
13-06-2023,3677.899902,3703.449951,3630,3644,353631
14-06-2023,3704.850098,3740,3662,3693.75,376196
15-06-2023,3917.699951,3960,3723.25,3745,1159134
16-06-2023,4085.600098,4144,3951.5,3952,2113207
19-06-2023,3975.699951,4150,3956.25,4086,703098
20-06-2023,3986.899902,4045,3910,3985,531748
21-06-2023,3919.5,4028.850098,3898.050049,3987,310779
22-06-2023,3812.149902,3940,3800,3935,311631
23-06-2023,3744.050049,3845,3731.899902,3823.949951,278868
26-06-2023,3848.25,3879,3744.050049,3744.050049,344384
27-06-2023,3872.100098,3919.949951,3841,3849,499702
28-06-2023,3963.600098,3988,3852.050049,3865,478728
30-06-2023,3889.199951,3966,3880,3965,401857
03-07-2023,3868.600098,3948,3843,3889.199951,371884
04-07-2023,3857.199951,3929.949951,3844.25,3929.949951,554478
05-07-2023,3820.100098,3897,3801.199951,3880,311494
06-07-2023,3815.899902,3850,3810,3844,247801
07-07-2023,3808.949951,3844,3800,3818,206827
10-07-2023,3767.699951,3834.25,3757,3810,180959
11-07-2023,3827.100098,3838,3772.050049,3786.949951,175289
12-07-2023,3806.350098,3850,3790,3847.100098,362068
13-07-2023,3821.649902,3828,3795,3823,250708
14-07-2023,3838.75,3881.850098,3782,3840.800049,369703
17-07-2023,3713.550049,3823.350098,3700,3796.850098,1045261
18-07-2023,3676.5,3711.949951,3672,3700,499878
19-07-2023,3705.850098,3720,3678.550049,3689.949951,277417
20-07-2023,3678.800049,3713.350098,3668.050049,3705.850098,503722
21-07-2023,3675.699951,3692,3643.600098,3653,369923
24-07-2023,3668.199951,3680,3642.050049,3676,197861
25-07-2023,3677.050049,3701.75,3660.050049,3668.050049,237637
26-07-2023,3712.649902,3718.399902,3672.050049,3691.550049,182427
27-07-2023,3693.350098,3732.149902,3661.050049,3717.800049,286460
28-07-2023,3713.899902,3729,3674.050049,3704,219187
31-07-2023,3752.800049,3764,3703,3713.050049,276799
01-08-2023,3740.300049,3768.149902,3716.199951,3758.949951,212462
02-08-2023,3713.399902,3779.899902,3690.050049,3750,206748
03-08-2023,3699.899902,3725,3675,3713.399902,168745
04-08-2023,3652.100098,3700,3640,3699.899902,482851
07-08-2023,3640.350098,3671.25,3630.050049,3661.899902,340841
08-08-2023,3648.449951,3686.699951,3635,3660,269119
09-08-2023,3628.75,3659.949951,3615.350098,3648.449951,257378
10-08-2023,3598.199951,3644.949951,3587,3633.949951,381556
11-08-2023,3550.050049,3607.850098,3545,3600,740365
14-08-2023,3509.300049,3567.949951,3500,3567.949951,244504
16-08-2023,3499.350098,3527.949951,3491.25,3527.949951,321024
17-08-2023,3507.649902,3552,3500,3509.25,805813
18-08-2023,3540.949951,3594.149902,3501,3510,570307
21-08-2023,3547.699951,3565,3522,3540,319920
22-08-2023,3568.899902,3582.949951,3530.550049,3550,258022
23-08-2023,3539.300049,3582,3531.5,3582,341109
24-08-2023,3561.5,3569.949951,3545,3550,352847
25-08-2023,3534.600098,3573.649902,3530.050049,3554,254513
28-08-2023,3592.899902,3635.949951,3533,3533,619104
29-08-2023,3664.350098,3675,3615,3632,615528
30-08-2023,3736.300049,3742.75,3684.550049,3693.949951,440057
31-08-2023,3720.399902,3750,3680.100098,3736.300049,672799
01-09-2023,3761.050049,3765,3716,3730,361003
04-09-2023,3755.75,3781.949951,3739.100098,3771.949951,145378
05-09-2023,3776.899902,3794.949951,3727.699951,3759.949951,232853
06-09-2023,3796.800049,3810.199951,3760.5,3777,224923
07-09-2023,3785.100098,3856.800049,3770,3815,443562
08-09-2023,3782.399902,3825,3776,3820,155200
11-09-2023,3810.75,3815,3772.399902,3791.699951,170276
12-09-2023,3753.25,3847,3740.050049,3836,289753
13-09-2023,3813.699951,3823.949951,3731.199951,3760.949951,282452
14-09-2023,3808.050049,3850,3775,3845,281679
15-09-2023,3796,3820,3770,3819.850098,252016
18-09-2023,3797.899902,3810,3771.25,3795.800049,114208
20-09-2023,3729.399902,3789.949951,3715.5,3789.949951,182671
21-09-2023,3686.949951,3775,3679,3747,191005
22-09-2023,3689.100098,3717.550049,3653.949951,3687,148096
25-09-2023,3664.100098,3702.949951,3656.199951,3700,112473
26-09-2023,3633.600098,3680.949951,3625,3664.100098,170690
27-09-2023,3640.699951,3669,3625,3650,427214
28-09-2023,3671.050049,3692,3651,3692,451168
29-09-2023,3675.600098,3698,3651.300049,3671.050049,321455
03-10-2023,3725.699951,3740.25,3616,3675.399902,235045
04-10-2023,3872.949951,3909.949951,3760,3760,1737108
05-10-2023,3861.5,3938.399902,3842.050049,3880,607632
06-10-2023,3833.949951,3890.800049,3786.75,3860,345055
09-10-2023,3798.600098,3818,3771,3809.600098,278929
10-10-2023,3793.800049,3829.850098,3775.550049,3809.949951,284836
11-10-2023,3852.050049,3889,3804.300049,3812.5,304828
12-10-2023,3862.75,3890,3820.300049,3874.800049,226262
13-10-2023,3935.850098,3941,3836.050049,3853.949951,554574
16-10-2023,3856.800049,3873.899902,3772.75,3825.050049,1102582
17-10-2023,3842.850098,3885,3834.300049,3879.149902,394330
18-10-2023,3795.949951,3853.100098,3776.25,3842.850098,356321
19-10-2023,3766.850098,3790,3746.850098,3790,168075
20-10-2023,3749.5,3780.949951,3742.100098,3760.050049,200038
23-10-2023,3668.949951,3768,3641.350098,3750.050049,297128
25-10-2023,3740.550049,3755,3620.100098,3685,333022
26-10-2023,3684.649902,3731.949951,3662,3728.050049,289964
27-10-2023,3665.449951,3758,3651,3700,365480
30-10-2023,3646.649902,3688,3624.25,3686.699951,254298
31-10-2023,3633.399902,3671.25,3620,3657.649902,820386
01-11-2023,3639.449951,3660.600098,3621,3637.5,242467
02-11-2023,3647.449951,3677.949951,3624.149902,3639,216100
03-11-2023,3649.699951,3667.600098,3621.25,3667.600098,316179
06-11-2023,3649.550049,3692.899902,3635.300049,3654.550049,277254
07-11-2023,3653.300049,3667.949951,3636,3649.5,287032
08-11-2023,3712.399902,3727.949951,3658,3658,246719
09-11-2023,3747.600098,3765,3725,3733.899902,248748
10-11-2023,3798.399902,3800,3738.550049,3750,205429
13-11-2023,3798.449951,3819.800049,3740.199951,3809.949951,166502
15-11-2023,3791.949951,3814.949951,3750.100098,3810,372291
16-11-2023,3790.25,3800,3765,3795,148945
17-11-2023,3810.899902,3843,3780,3794.949951,266479
20-11-2023,3792.899902,3833,3771.699951,3810.899902,252998
21-11-2023,3814.949951,3842,3796,3796,196060
22-11-2023,3838.25,3873.850098,3812.350098,3820,200608
23-11-2023,3844.399902,3865,3798.949951,3848,201012
24-11-2023,3842.899902,3869,3799,3820,96391
28-11-2023,3912.149902,3934,3815,3815,449705
29-11-2023,3861.5,3937,3841,3915,333845
30-11-2023,3949.75,3962,3834,3878,698850
01-12-2023,3988.399902,3995,3931.149902,3969.649902,380041
04-12-2023,3967.100098,4049,3950.050049,4000,389629
05-12-2023,4039.550049,4041,3949,3950,443420
06-12-2023,4137.149902,4175,4039,4039.550049,861085
07-12-2023,4115.450195,4206,4095,4140.049805,414582
08-12-2023,4070.649902,4170,4027.649902,4155.950195,495575
11-12-2023,4069.75,4075,4025.050049,4070.649902,239939
12-12-2023,4075.399902,4100,4038.100098,4080.899902,349447
13-12-2023,4033.050049,4075.399902,3945.100098,4075,388573
14-12-2023,4070.050049,4081,3996.050049,4044.949951,264682
15-12-2023,4045.649902,4097.899902,4017,4085,300270
18-12-2023,4010.149902,4079.800049,4000,4045,221527
19-12-2023,4021.350098,4048.949951,3990.25,4010,185004
20-12-2023,3965.899902,4046.449951,3905,4011,244858
21-12-2023,3954.5,4009.899902,3920.050049,3950,286850
22-12-2023,4007.949951,4015,3962.050049,3977.949951,224831
26-12-2023,4023.449951,4038.199951,3995.350098,4009.949951,299135
27-12-2023,4027.449951,4063.300049,4000,4020,349033
28-12-2023,4044.649902,4058.399902,4015,4048.899902,403866
29-12-2023,4082.649902,4098.899902,3984.199951,4045.100098,224994
01-01-2024,4064.75,4080,4042.100098,4075,131614
02-01-2024,4103.350098,4155,4006.25,4070,843252
03-01-2024,3932.350098,4080,3919.399902,4080,964470
04-01-2024,3897.850098,3965,3888,3965,754490
05-01-2024,3863.5,3940,3810,3902,513823
08-01-2024,3804.399902,3919.899902,3791,3893.949951,692896
09-01-2024,3810.75,3850,3787,3810.100098,440688
10-01-2024,3822,3837.949951,3792.350098,3818.899902,338253
11-01-2024,3821.350098,3845,3805,3845,213492
12-01-2024,3841,3848,3794.100098,3827.949951,456627
15-01-2024,3858.25,3933,3851,3924.949951,505101
16-01-2024,3828.300049,3865,3807,3860,445672
17-01-2024,3786.449951,3811.899902,3750,3750,516399
18-01-2024,3748.850098,3790,3740,3786.449951,489754
19-01-2024,3731.699951,3768.699951,3704.5,3762.949951,565533
23-01-2024,3675.899902,3714,3651.050049,3675,299750
24-01-2024,3727.75,3748,3646.050049,3675.899902,316651
25-01-2024,3734.25,3750,3695.5,3731,200269
29-01-2024,3749.399902,3764.199951,3689,3700,216522
30-01-2024,3687.300049,3772.850098,3680,3740,263265
31-01-2024,3792.699951,3821.399902,3652.75,3680,353880
01-02-2024,3808.199951,3826.600098,3772,3810,188297
02-02-2024,3784.300049,3815,3770,3808.199951,186318
05-02-2024,3729.600098,3791.550049,3720.050049,3785,216052
06-02-2024,3727.399902,3737.699951,3702.050049,3730,148110
07-02-2024,3717.699951,3785,3703,3759,173087
08-02-2024,3731.050049,3787.949951,3715,3718.949951,261689
09-02-2024,3719.199951,3758,3699,3732.149902,306425
12-02-2024,3675.600098,3734.949951,3644.300049,3719.199951,199148
13-02-2024,3703.199951,3728,3660.899902,3685.050049,294135
14-02-2024,3722.399902,3739,3691.050049,3700,257694
15-02-2024,3678.600098,3729.949951,3671.350098,3722.399902,507420
16-02-2024,3693.300049,3724.649902,3665.100098,3698.600098,726598
19-02-2024,3707.25,3722,3673.300049,3673.300049,226669
20-02-2024,3756.199951,3784,3691.399902,3701,316518
21-02-2024,3835.75,3889,3752,3752,592509
22-02-2024,3851.449951,3869,3801.850098,3860,237411
23-02-2024,3840.550049,3872,3828.649902,3860,226731
26-02-2024,3850.350098,3859,3796.25,3840.550049,346646
27-02-2024,3852.199951,3885,3818.050049,3859,256237
28-02-2024,3850,3948.300049,3838.100098,3856.399902,505405
29-02-2024,3918.899902,3940,3797.050049,3818.399902,499782
01-03-2024,3884.149902,3936.75,3867,3925,261674
04-03-2024,3846.350098,3878.649902,3831,3870.949951,153055
05-03-2024,3834.5,3884.350098,3811.300049,3830,185829
06-03-2024,3888.649902,3895,3825.149902,3834.5,308886
07-03-2024,3925.949951,3942.649902,3877.199951,3888.649902,330459
11-03-2024,3979.649902,4025,3936.050049,3948.850098,689781
12-03-2024,4031.699951,4042,3900,3999,499999
13-03-2024,3967.800049,4056,3932.050049,4055,521699
14-03-2024,4019.25,4040,3890,3966.949951,355226
15-03-2024,3932.100098,4035,3904,4019.449951,348203
18-03-2024,4010.550049,4019,3918.699951,3932.100098,230448
19-03-2024,4014.100098,4046.050049,3983.050049,4008,451330
20-03-2024,4056.350098,4068,4009.25,4015,346426
21-03-2024,4163.100098,4238,4091.5,4117,1130832
22-03-2024,4297.600098,4330.5,4151.149902,4159.799805,921652
26-03-2024,4486.200195,4509.450195,4297.25,4315.75,1838678
27-03-2024,4420.549805,4533,4387.049805,4480.5,814043
28-03-2024,4525.600098,4560,4397.049805,4424.950195,892567
01-04-2024,4483.299805,4592,4456.299805,4570,410983
02-04-2024,4411.850098,4563,4400.049805,4503,442907
03-04-2024,4460.899902,4494.450195,4415,4455,257333
04-04-2024,4645.049805,4715,4540,4562,1564457
05-04-2024,4619.25,4685,4557,4645,418022
08-04-2024,4672.799805,4748,4640,4648.149902,461322
09-04-2024,4716.149902,4747.799805,4622,4671.950195,285672
10-04-2024,4754,4831.850098,4711,4736.600098,728446
12-04-2024,4765.049805,4806.75,4725,4753.899902,676863
15-04-2024,4686.799805,4736.549805,4620.600098,4680,358707
16-04-2024,4644.299805,4689.299805,4611.350098,4650,245231
18-04-2024,4627.100098,4694.299805,4605,4644.299805,417772
19-04-2024,4696,4836.700195,4651.100098,4766.950195,778084
22-04-2024,4758,4815.950195,4692.049805,4743,257706
23-04-2024,4800.549805,4890,4773,4804.5,458148
24-04-2024,4797.549805,4835.700195,4778,4820,199877
25-04-2024,4657.100098,4817.649902,4615.149902,4801,462020
26-04-2024,4553.149902,4719.950195,4531.5,4657.049805,254510
29-04-2024,4483.799805,4562.450195,4450,4560.5,385596
30-04-2024,4603.799805,4650,4455.149902,4455.149902,637696
02-05-2024,4605.049805,4642.450195,4578,4609.950195,256067
03-05-2024,4612.350098,4627,4545.049805,4626.950195,436785
06-05-2024,4600.600098,4739.899902,4576,4620,643041
07-05-2024,4660.450195,4698,4581,4619.950195,431030
08-05-2024,4806.75,4863.799805,4670,4674.799805,829723
09-05-2024,4798.649902,4895.600098,4730,4806.75,618014
10-05-2024,4796.799805,4852,4735.850098,4798.649902,290601
13-05-2024,4693.700195,4809,4667,4799.950195,190782
14-05-2024,4597.049805,4755,4550.350098,4739,376741
15-05-2024,4652.450195,4680,4597.100098,4614.950195,298259
16-05-2024,4671.25,4699,4660.049805,4674.299805,519285
17-05-2024,4682.899902,4710,4665.049805,4680,203113
21-05-2024,4705.899902,4737.450195,4605.450195,4670,179171
22-05-2024,4798.799805,4924.200195,4737.149902,4763.149902,716981
23-05-2024,4793.549805,4812,4755.799805,4794.5,151025
24-05-2024,4684.5,4841.399902,4674.100098,4797.899902,307316
27-05-2024,4537.350098,4669,4508,4651.549805,392853
28-05-2024,4474.450195,4588.850098,4440.200195,4551.899902,224693
29-05-2024,4476.850098,4564.850098,4435.100098,4474,234524
30-05-2024,4444.950195,4497.25,4410,4475.899902,141706
31-05-2024,4302.149902,4450,4250.399902,4440,866438
03-06-2024,4349.350098,4400,4301,4392.950195,279797
04-06-2024,4548.75,4590,4355.649902,4399,1093378
05-06-2024,4862.25,4900,4562.200195,4590,1495770
06-06-2024,4687.049805,4861.950195,4675.25,4861.950195,664303
07-06-2024,4747.25,4806.350098,4690.75,4700,352969
10-06-2024,4778.399902,4812,4688,4769.049805,276907
11-06-2024,4701.450195,4829.899902,4676,4800,266806
12-06-2024,4666.75,4740,4645,4710.049805,555091
13-06-2024,4656.649902,4739.950195,4640.049805,4697.25,238268
14-06-2024,4739.950195,4759.950195,4671.049805,4692,258982
18-06-2024,5039.299805,5080,4734.799805,4739.950195,2054168
19-06-2024,4933.899902,5219,4901.350098,5079,1438750
20-06-2024,4861.700195,5022.5,4832.200195,4947.450195,577843
21-06-2024,4804.850098,5082.950195,4763,4928,726519
24-06-2024,4833.700195,4875,4765.850098,4792,356824
25-06-2024,4783.350098,4905,4755,4850,376890
26-06-2024,4801,4823.950195,4690,4775,546313
27-06-2024,4900.100098,4960,4738,4819.950195,503719
28-06-2024,4716.75,4921.950195,4680,4900,685009
01-07-2024,4735.899902,4754.450195,4612.5,4725.100098,642169
02-07-2024,4773.850098,4825.25,4719.549805,4759.100098,360009
03-07-2024,4792.899902,4810.899902,4700.700195,4760,799111
04-07-2024,4768.100098,4825,4725,4785.100098,317759
05-07-2024,4853.100098,4871,4742.799805,4768.850098,359691
08-07-2024,4851.549805,4935.200195,4820,4860,706765
09-07-2024,4806.350098,4893.950195,4780,4853.100098,421547
10-07-2024,4834.450195,4894.350098,4731.100098,4825,284146
11-07-2024,4898.899902,4969,4832.25,4853.899902,568246
12-07-2024,4943.649902,5016.950195,4909,4939.899902,598090
15-07-2024,4988.850098,5164,4943.649902,5126.450195,1405587
16-07-2024,5039.850098,5104,4979,5000,1062769
18-07-2024,5083.450195,5096.950195,5028,5039.850098,837644
19-07-2024,5010.700195,5078.5,4955,5062.100098,444963
22-07-2024,5012.850098,5031.950195,4922.75,4955,559762
23-07-2024,5065.25,5095.450195,4925.100098,5013,431809
24-07-2024,5158.450195,5205,5082.649902,5100,630155
25-07-2024,5171.350098,5184.899902,5058.100098,5148,393012
26-07-2024,5071.600098,5199,5040,5199,234445
29-07-2024,5112.850098,5144,5041.799805,5144,206613
30-07-2024,5027.200195,5175.549805,5000.100098,5140,299951
31-07-2024,4935.950195,5068.899902,4910.200195,5040,912329
01-08-2024,4993.799805,5008,4883,4949,202176
02-08-2024,4909.700195,5029.75,4890.149902,4950,486355
05-08-2024,4817.450195,5010,4801,4861.5,715443
06-08-2024,4909.899902,5045.25,4818.149902,4818.149902,798720
07-08-2024,5018.5,5063.549805,4954.450195,4960,322153
08-08-2024,4980.100098,5063.899902,4942,5049.950195,348300
09-08-2024,4989.950195,5063.799805,4971.350098,5033,102057
12-08-2024,5013.799805,5025,4960.549805,4999,167412
13-08-2024,4929.5,5048,4905.5,5039.950195,138438
14-08-2024,4960.299805,5020,4913.299805,4950,282580
16-08-2024,5021.299805,5025,4902.700195,4995,193826
19-08-2024,5002.700195,5048,4982.049805,5040,171799
20-08-2024,5079.200195,5095.950195,4987.700195,5008,320092
21-08-2024,5099.450195,5164,5051.850098,5095,796491
22-08-2024,5057.850098,5145,5021.149902,5145,353198
23-08-2024,4901.5,5088.799805,4880,5045,802974
26-08-2024,4959.399902,4978.75,4900.100098,4903,475103
27-08-2024,4958.549805,5010,4925.649902,5010,144910
28-08-2024,4964.850098,4995.5,4905,4995.5,504521
29-08-2024,5008.799805,5155.549805,4980.649902,4991.5,939641
30-08-2024,4927.450195,5042,4900,5020,564035
02-09-2024,4999.850098,5023.950195,4951,4977,290596
03-09-2024,4980.600098,5039.799805,4965,5029,222027
04-09-2024,5100.899902,5109,4960.350098,4974,319841
05-09-2024,5308.149902,5361.149902,5077.100098,5084.100098,1323435
06-09-2024,5303.450195,5354.549805,5202,5293,721164
09-09-2024,5361.399902,5395,5216.049805,5303.450195,594876
10-09-2024,5344.399902,5422.450195,5315,5361.399902,400985
11-09-2024,5299.100098,5449,5279.100098,5357.899902,461780
12-09-2024,5238.549805,5376.049805,5216.899902,5330,380591
13-09-2024,5187.049805,5255.850098,5155,5250.899902,395545
16-09-2024,5204.799805,5260,5176.149902,5188.049805,198479
17-09-2024,5219.850098,5254,5200.100098,5227,155984
18-09-2024,5265.200195,5289,5219.899902,5225,201983
19-09-2024,5342.5,5443.950195,5180,5295,392198
20-09-2024,5320.549805,5417.950195,5225.100098,5360,598428
23-09-2024,5297.450195,5363,5260.25,5355.149902,179528
24-09-2024,5391.450195,5484.850098,5231.149902,5304.950195,672936
25-09-2024,5265.5,5417.5,5232,5400,529354
26-09-2024,5198.049805,5313.450195,5164,5313.450195,372440
27-09-2024,5102.299805,5226,5090,5224.600098,566687
30-09-2024,5096.299805,5215,5080,5102.299805,437174
01-10-2024,4954.350098,5138,4936.100098,5095,562718
03-10-2024,4942.600098,5015,4881,4924.549805,615247
04-10-2024,4737.549805,4875,4696.100098,4875,2983666
07-10-2024,4544.149902,4752.899902,4518,4741,1864971
08-10-2024,4465.450195,4619.899902,4435,4544.149902,1009173
09-10-2024,4645.399902,4688.75,4481.649902,4510,1059581
10-10-2024,4607.5,4698.899902,4572,4664.799805,316729
11-10-2024,4572.700195,4643.100098,4529,4643.100098,410581
14-10-2024,4183.600098,4299,4139.950195,4204,4876749
15-10-2024,4193.549805,4238.950195,4180.600098,4230,1355665
16-10-2024,4173.799805,4215,4149,4209,688895
17-10-2024,4087.699951,4180,4044,4175,731365
18-10-2024,3986.699951,4114,3975.100098,4100,1094839
21-10-2024,3973.449951,4073,3961,4000.050049,494815
22-10-2024,4005.199951,4057,3965.899902,3999.899902,698102
23-10-2024,4156.100098,4224.799805,3978,4009,686716
24-10-2024,4060.100098,4187.899902,4044.649902,4155.75,435991
25-10-2024,4052.199951,4125,3985.449951,4061.949951,423224
28-10-2024,3987.5,4094.300049,3975,4052.199951,297228
29-10-2024,3965.149902,4010,3940.199951,4000,304479
30-10-2024,3932.449951,4036.949951,3920,4000,651051
31-10-2024,3930.699951,3939.350098,3876,3930,267667
01-11-2024,4001.600098,4010,3939.949951,3949.949951,67509
04-11-2024,3945.850098,4006.100098,3899.649902,4000.75,391414
05-11-2024,3926.550049,3958.850098,3905.050049,3945.850098,353931
06-11-2024,3922.300049,3950,3915.649902,3925,357725
07-11-2024,3889.100098,3943.199951,3871,3940,279832
08-11-2024,3874.5,3910.100098,3860.149902,3873.050049,428073
11-11-2024,3885.699951,3940,3814.300049,3899.649902,417671
12-11-2024,3777,3910,3762.550049,3910,683988
13-11-2024,3759.550049,3874.949951,3751,3774,419503
14-11-2024,3823.850098,3858.850098,3769,3785.199951,305991
18-11-2024,3790.550049,3948,3757.600098,3948,656068
19-11-2024,3752.449951,3794.550049,3737.649902,3792.5,813368
21-11-2024,3622.899902,3774.550049,3604.050049,3765.050049,934131
22-11-2024,3613.649902,3656.100098,3564,3615.850098,940870
25-11-2024,3621.050049,3738.600098,3592.100098,3686,1144350
26-11-2024,3659.149902,3681,3622,3635,444828
27-11-2024,3661.25,3692.5,3610.050049,3674,361531
28-11-2024,3716.550049,3757.899902,3651,3696.649902,658002
29-11-2024,3709.600098,3730.449951,3661.550049,3714.699951,913178
02-12-2024,3678.399902,3722.949951,3622.699951,3715.449951,975522
03-12-2024,3829.850098,3853.100098,3655.699951,3678.399902,979946
04-12-2024,3850.100098,3889.25,3801.050049,3850,791735
05-12-2024,3863.949951,3882,3822.699951,3865,467723
06-12-2024,3805.550049,3920.449951,3784.050049,3889,1141350
09-12-2024,3829.050049,3844,3761,3800,948370
10-12-2024,3816.899902,3853,3776.600098,3835,573687
11-12-2024,3708.300049,3760,3671.350098,3700,1839723
12-12-2024,3688.449951,3736.800049,3678.449951,3729.949951,576170
13-12-2024,3652.300049,3694.800049,3612,3688.449951,806508
16-12-2024,3623.800049,3672.5,3612.25,3650,595919
17-12-2024,3542.949951,3629.949951,3519,3627.050049,988419
18-12-2024,3515.699951,3558,3492.699951,3542.949951,748691
19-12-2024,3498.149902,3522.699951,3455.699951,3500,684534
20-12-2024,3408.300049,3519.949951,3399,3519.949951,914445
23-12-2024,3460.550049,3475.899902,3419.050049,3443.449951,642122
24-12-2024,3459.649902,3524.899902,3450.850098,3474,465809
26-12-2024,3511.649902,3524,3446.199951,3462.699951,611648
27-12-2024,3568.350098,3573.399902,3481.050049,3481.050049,451012
30-12-2024,3588.550049,3669.899902,3495.050049,3570,2347725
31-12-2024,3561.850098,3577.949951,3510.100098,3555,693775
01-01-2025,3561,3586.949951,3536.550049,3560,241116
02-01-2025,3611.100098,3635,3550.25,3564.949951,566194
03-01-2025,4025.199951,4165.899902,3820,3840,9284385
06-01-2025,3934.75,4061.75,3920.100098,4025.199951,889155
07-01-2025,3830.300049,3958.949951,3820,3934,672094
08-01-2025,3843,3873.949951,3761.800049,3857,849681
09-01-2025,3813.800049,3860,3790.100098,3853.5,727974
10-01-2025,3686.25,3837.800049,3666.649902,3837.800049,902001
13-01-2025,3507.449951,3643.949951,3469.949951,3501,2952386
14-01-2025,3476.5,3538.949951,3443,3529.949951,746217
15-01-2025,3568.449951,3578.949951,3476.5,3500.050049,744961
16-01-2025,3600.949951,3643.300049,3570,3570,395260
17-01-2025,3620.649902,3649.949951,3580.949951,3610,244753
20-01-2025,3614.699951,3640,3598,3624,195566
21-01-2025,3587.800049,3630,3547.350098,3614.699951,211130
22-01-2025,3561.600098,3619,3524.5,3604,320915
23-01-2025,3598.350098,3609.800049,3530,3555,263606
24-01-2025,3579.949951,3608.5,3535,3598,288983
27-01-2025,3532.949951,3565,3507,3565,387420
28-01-2025,3559.300049,3595,3495.300049,3540.199951,490412
29-01-2025,3568.100098,3586.199951,3540.949951,3555.800049,387658
30-01-2025,3575.399902,3585,3553.600098,3572.050049,325453
31-01-2025,3664.649902,3703.699951,3570,3575,339017
01-02-2025,4023.75,4084.699951,3633,3670,3123773
03-02-2025,3947.850098,4090,3859.300049,3899.949951,1842880
04-02-2025,3919.850098,4017.649902,3890,3954.949951,770272
05-02-2025,3865.699951,4015,3841,3910,693767
06-02-2025,3748.449951,3905,3724.050049,3905,400410
07-02-2025,3743.5,3764.100098,3695.399902,3750,301644
10-02-2025,3722.050049,3813,3693.050049,3756.600098,428010
11-02-2025,3682.699951,3749.600098,3663,3724.800049,315000
12-02-2025,3689.899902,3699.899902,3585,3681.5,478915
13-02-2025,3696.5,3722.300049,3659,3698.899902,243492
14-02-2025,3682.649902,3755.100098,3636.850098,3706,286886
17-02-2025,3621.5,3683,3596.600098,3645.050049,571642
18-02-2025,3676.600098,3705.949951,3606.25,3630,372638
19-02-2025,3685,3713.949951,3627.449951,3674.300049,265834
20-02-2025,3623.800049,3709,3615,3687,552762
21-02-2025,3596.699951,3663,3569.5,3630,532244
24-02-2025,3570.899902,3611.399902,3555.550049,3589.800049,370764
25-02-2025,3530.75,3571,3516.649902,3557,375510
27-02-2025,3507.199951,3575,3492.050049,3556,469275
28-02-2025,3403.949951,3532.550049,3391,3507,799598
03-03-2025,3453.199951,3472,3340,3425,807297
04-03-2025,3408.399902,3460,3400,3429.699951,637407
05-03-2025,3474.5,3505,3408.399902,3408.399902,417930
06-03-2025,3540.5,3552,3475,3505,797590
07-03-2025,3593.600098,3636.300049,3549.949951,3568,681832
10-03-2025,3603.75,3624.949951,3548.199951,3600,327825
11-03-2025,3631.649902,3639.899902,3551.550049,3586.949951,255758
12-03-2025,3674.199951,3685,3622.449951,3655.25,265757
13-03-2025,3797.100098,3877.050049,3670,3681,2325270
17-03-2025,3825.300049,3832.350098,3788.100098,3797.100098,425089
18-03-2025,3825.300049,3825.300049,3825.300049,3825.300049,0
19-03-2025,3845.199951,3860,3795,3850,285707
20-03-2025,3884.399902,3904.75,3831.149902,3864.399902,267764
21-03-2025,3892.199951,3948.800049,3871.850098,3890,431562
24-03-2025,3905.100098,3948.949951,3890,3900,209015
25-03-2025,3998.800049,4033.949951,3883.949951,3935,704455
26-03-2025,3945.699951,4018.100098,3917.300049,4010,384630
27-03-2025,4065,4085,3932.449951,3940,735787
28-03-2025,4083.199951,4190,4055.050049,4065,886798
01-04-2025,4003.600098,4163.399902,3994.600098,4109.75,401323
02-04-2025,4121.450195,4131.700195,3996,4045,390709
03-04-2025,4157.799805,4195.5,4077.050049,4121.450195,426311
04-04-2025,4039.899902,4155,3943,4155,818952
07-04-2025,4023.149902,4037.100098,3761.199951,3761.199951,472568
08-04-2025,4053.850098,4100,4020,4079,552578
09-04-2025,4139.299805,4151.850098,4014,4053.850098,663300
11-04-2025,4131.5,4192,4113.049805,4157,570955
15-04-2025,4212.700195,4227,4088,4200,569335
16-04-2025,4221.5,4265,4200.200195,4240,331624
17-04-2025,4357.100098,4397,4192.200195,4221,1020665
21-04-2025,4342.299805,4429,4321.600098,4357,561592
22-04-2025,4435.600098,4497,4315,4363,998024
23-04-2025,4508.100098,4533.799805,4434,4455.5,1223678
24-04-2025,4498.799805,4557.700195,4452,4509.799805,1698949
25-04-2025,4375.200195,4520.700195,4350,4501.899902,540513
28-04-2025,4366.799805,4462.299805,4351.200195,4375.200195,676462
29-04-2025,4310,4414.700195,4288.5,4370,388125
30-04-2025,4199.899902,4355,4147.5,4352,814008
02-05-2025,4042.199951,4225,4022,4180,641655
05-05-2025,4018.399902,4059.899902,3915,3956,1405524
06-05-2025,4006.100098,4077,3993.699951,4018.5,399031
07-05-2025,3999.800049,4032.5,3950.800049,3973,387479
08-05-2025,3974.300049,4069.5,3958,4037.699951,473679
09-05-2025,3972.399902,3994.600098,3850,3850,422106
12-05-2025,4023.5,4050,3995.899902,4050,330754
13-05-2025,4064.100098,4107,4033,4033,368484
14-05-2025,4049.199951,4098.200195,4010.100098,4090.100098,393288
15-05-2025,4073.5,4120.899902,4040,4060,263184
16-05-2025,4189.700195,4196,4042.5,4070,386496
19-05-2025,4206.799805,4247.700195,4190,4200,301182
20-05-2025,4071.5,4233.700195,4063.199951,4216,497090
21-05-2025,4112.700195,4125.5,4070,4090,194859
22-05-2025,4082.699951,4128,4051,4112.799805,277337
23-05-2025,4140.799805,4153.299805,4065.199951,4083.899902,269462
26-05-2025,4138.399902,4170,4120,4145,139851
27-05-2025,4094,4149.5,4078,4139.799805,324619
28-05-2025,4042.300049,4101.899902,4040,4094,254917
29-05-2025,4042.300049,4070,4015,4050,252344
30-05-2025,4002.100098,4085.399902,3991.800049,4042.300049,448046
02-06-2025,4025.5,4044,3981.300049,3990,232097
03-06-2025,4055.199951,4058.5,4014.300049,4025.5,310603
04-06-2025,4074.5,4085,4007.5,4061.600098,196473
05-06-2025,4153.5,4244.799805,4074.5,4078,783594
06-06-2025,4201.600098,4240,4143.5,4166,354672
09-06-2025,4179.100098,4227.100098,4167,4201.600098,213415
10-06-2025,4080,4192.200195,3928.899902,4179.100098,3585928
11-06-2025,4078.199951,4134.299805,4051,4080,688519
12-06-2025,4074,4105,4032.300049,4100,769964
13-06-2025,4051.899902,4078.5,3983.600098,4034,303824
16-06-2025,4087,4096.899902,3983.600098,4034.800049,271737
17-06-2025,4059.100098,4109,4041,4087,232437
18-06-2025,4228.399902,4240,4081,4102.200195,1806132
19-06-2025,4203.100098,4254,4160.299805,4229,741827
20-06-2025,4300.299805,4324.5,4161.100098,4203.100098,1012429
23-06-2025,4335.799805,4358.600098,4255.399902,4269.100098,824556
24-06-2025,4250.600098,4356.700195,4239.399902,4353,439985
25-06-2025,4276.399902,4294,4236.700195,4251.299805,533866
26-06-2025,4315.399902,4333.399902,4268,4295,326677
27-06-2025,4313.5,4348.899902,4290,4322.899902,251774
30-06-2025,4372.299805,4395,4313.5,4319.799805,811305
01-07-2025,4452.399902,4483.600098,4380.5,4389,953859
02-07-2025,4391.899902,4495.5,4340,4495.5,772653
03-07-2025,4348.700195,4374.799805,4217.899902,4349.5,1833798
04-07-2025,4261.100098,4375.5,4251,4364.899902,488810
07-07-2025,4236.299805,4297,4230.100098,4279,247672
08-07-2025,4213,4267.700195,4193,4259.899902,378622
09-07-2025,4190.899902,4242.399902,4171,4213,234783
10-07-2025,4169,4212.100098,4150.100098,4190.899902,294423
11-07-2025,4064.199951,4185,4041,4169,802558
14-07-2025,4011.300049,4115,3930,4090,2032633
15-07-2025,4026.699951,4058,3991.699951,4020.100098,1541742
16-07-2025,4086,4127.899902,4012.5,4026.800049,759577
17-07-2025,4055.899902,4100,4049,4095.899902,168284
18-07-2025,4048.600098,4073.699951,4028.399902,4059.899902,247574
21-07-2025,4023.699951,4049.800049,4002.600098,4039.800049,403439
22-07-2025,4033.300049,4084,4009.5,4042.699951,960660
23-07-2025,4043.899902,4050.5,3995.100098,4039.899902,709291
24-07-2025,4021,4069.199951,4012.899902,4045.5,402668
25-07-2025,3997,4027.100098,3951.100098,4021.800049,431585
28-07-2025,3949.899902,4019.399902,3941,3991,325329
29-07-2025,3999,4007.100098,3931,3976.300049,277427
30-07-2025,4281.399902,4324,3999,3999,3389361
31-07-2025,4267.399902,4346.799805,4235,4235,1085879
01-08-2025,4196,4310,4175,4267.899902,351617
04-08-2025,4197.200195,4225.200195,4139.100098,4196,279716
05-08-2025,4257.799805,4267.399902,4188.100098,4200,366011
06-08-2025,4242,4284,4222.5,4284,256136
07-08-2025,4263.5,4290,4207.100098,4241.899902,244170
08-08-2025,4170.100098,4280,4163,4220,281763
11-08-2025,4184.5,4222.799805,4150.100098,4150.100098,244806
12-08-2025,4252.5,4273.399902,4184.5,4184.5,278164
13-08-2025,4334.600098,4340,4247.299805,4255,470225
14-08-2025,4358.200195,4394.899902,4327.100098,4334.600098,646059
18-08-2025,4558,4592.899902,4401.5,4446,1589953
19-08-2025,4653.200195,4661.600098,4561.299805,4584.899902,856309
20-08-2025,4737.899902,4759.899902,4630.100098,4651.5,1269103
21-08-2025,4691.899902,4749.600098,4673,4737.899902,873600
22-08-2025,4698.799805,4730,4636.799805,4708,449652
25-08-2025,4725.299805,4750.5,4700.100098,4714.5,853238
26-08-2025,4716.399902,4799.100098,4696.200195,4751.799805,911518
27-08-2025,4716.399902,4716.399902,4716.399902,4716.399902,0
28-08-2025,4699.899902,4805,4671.399902,4805,648948
29-08-2025,4755.600098,4800.5,4680,4720,591567
